{
    "cable_lib": [
        24916065.829448,
        32121271.433112998,
        0.0,
        46485.197443
    ],
    "tv_news": [
        10029602.112195002,
        15732709.195600001,
        0.0,
        0.0
    ],
    "Fox": [
        3432795.9496250004,
        9351409.655875001,
        574951.04575,
        16910.324875000002
    ]
}