{
    "cable_lib": [
        31679662.0574045,
        25032278.8230555,
        232425.98721499997,
        139455.592329
    ],
    "tv_news": [
        14749414.870875001,
        10934232.890942002,
        0.0,
        78663.54597800001
    ],
    "Fox": [
        1437377.6143750001,
        8455162.437500002,
        3365154.6501250006,
        118372.27412500001
    ]
}