{
    "cable_lib": [
        12713701.5006605,
        6391714.6484125,
        348638.98082249996,
        278911.184658,
        37234643.151843
    ],
    "tv_news": [
        2831887.6552080004,
        2399238.152329,
        393317.7298900001,
        0.0,
        20137867.770368002
    ],
    "Fox": [
        287475.522875,
        1420467.2895000002,
        4261401.868500001,
        304385.84775,
        7085426.122625001
    ]
}